customer_id|first_name|last_name|email|address|city|state|postal_code|phone_number
1|Kevin|Callahan|bassjoshua@example.com|086 Leslie Isle Suite 183,New Rebeccamouth, UT 31757|Alisonfort|Utah|20809|8219075677
2|Mary|Singh|crossamy@example.com|64500 Christine Path,Cookhaven, AR 09012|Fowlerstad|Kentucky|62671|962.378.0996x79291
3|Jeffrey|Hutchinson|gordonjeff@example.com|79740 Brown Hollow Apt. 871,Reynoldsview, MH 02556|Ryanfort|Mississippi|06169|380.796.5878x63585
4|Willie|Norris|bellnicholas@example.com|4091 Jordan Pine Suite 157,Lake Connorton, DE 87605|New Tonyport|North Carolina|41746|3203694434
5|Hannah|Dominguez|hickspatricia@example.net|442 Mcdonald Island Suite 279,Jamesview, NC 14389|Port Sheri|Michigan|61243|(895)718-1302
6|Karen|Huber|sjordan@example.net|0161 Paul Rue Suite 357,Joshuashire, MO 12021|Duncanmouth|Arizona|95499|001-583-200-7524x3768
7|Jennifer|Rodriguez|karen47@example.com|PSC 5807, Box 0400,APO AP 39601|Port Lauraview|North Dakota|24531|001-767-348-4327x295
8|Elizabeth|Barr|thomas06@example.com|1100 Stewart Terrace Suite 275,Hortonshire, WA 16506|East Paulhaven|Iowa|59035|(799)754-6892
9|Michael|Adams|ramosmichelle@example.com|Unit 0938 Box 5848,DPO AP 24323|Suzanneburgh|North Dakota|01344|001-649-726-2755x01666
10|Christina|Quinn|jenniferjuarez@example.net|4673 Gallegos Brook,Port Juliachester, MN 59178|Lake Melissa|Massachusetts|24888|(463)616-5666x98435
11|Jeffrey|Lewis|ebarnes@example.net|1022 Heidi Roads Suite 656,Kevinbury, DC 82961|Fosterburgh|Iowa|83947|+1-472-342-5572x391
12|Amber|Butler|carterkenneth@example.com|21426 Timothy Springs,Jacobmouth, NY 27689|Jamesview|Michigan|41987|5542258322
13|Brian|Mcfarland|michellemora@example.com|176 Nicole Lodge Suite 070,West Steven, MA 41250|Jeremyshire|Colorado|68075|237-404-6238
14|James|Mcfarland|cevans@example.org|778 Roberts Fords,Willisport, VA 84275|New Aarontown|Kentucky|60713|6067642472
15|Joseph|Myers|jose13@example.net|67757 Diana Haven Suite 658,East Monique, AZ 98343|Lake Joshua|Oregon|83940|001-572-942-8756x41968
16|Kyle|Barnes|nelsonstephen@example.org|2076 Rebecca Parks Apt. 097,Clarkmouth, MH 49656|West Ronaldborough|New Hampshire|11248|(609)601-3578x11225
17|Michael|Jones|umcknight@example.org|825 Brittany Islands,New Jenniferton, MN 82447|North Patrickhaven|Mississippi|56780|(472)436-6114x524
18|Carrie|Miller|davidcarson@example.com|0238 Turner Locks,West Stephaniefort, AL 00756|Rossburgh|Montana|76414|(830)941-6902
19|Robert|Thomas|jwalton@example.com|5185 Haney Isle,Brownview, CO 60344|Foleymouth|New Jersey|94376|888-443-2954x296
20|Traci|Gray|ramosgerald@example.net|0676 William Summit,South Paulborough, SD 03995|New Brooke|Oregon|10623|(850)556-2391x60849
21|William|Jenkins|derek24@example.org|50597 West Valley,South Joseph, OK 72002|Lake Samuelfort|Nebraska|29748|208.692.0067x42428
22|Elizabeth|Kelly|mosleymichael@example.org|1569 Brandon Ville,Jeffreyfort, HI 11978|Carpenterton|Nevada|59427|(901)542-3581x6849
23|Eric|Vega|pgallagher@example.com|2328 Cannon Shores Suite 279,Rosefurt, NV 66069|Kimberlyberg|Arizona|66836|655.374.4152x362
24|Ashley|Taylor|kenthector@example.com|566 Allen Lodge,East Ricky, OR 11293|Fletcherborough|California|56806|764.496.8368
25|Lydia|Watts|kennedywilliam@example.net|13240 Smith Crescent Suite 545,Alexandramouth, DC 88369|Franklinfort|Ohio|85210|+1-967-625-9124x091
26|Stanley|Morgan|michellejimenez@example.com|4284 Reese Haven,Fieldsstad, GA 15228|Michealfort|Louisiana|49273|336.738.1751
27|Debra|Johnson|jonathan09@example.org|1631 Dorothy Pines,Christinastad, ME 80993|Powersfort|Florida|28097|984.422.8895
28|Bethany|Chapman|amber53@example.com|5547 Charles Drive,East Franciscomouth, CA 30458|West Joanna|Montana|65805|7752896220
29|Felicia|Chang|zachary17@example.com|01899 Zachary Ways,New Jerry, VI 78565|West Tammy|Delaware|26909|(539)664-6127x6819
30|Heather|Crawford|arthurestrada@example.net|PSC 3177, Box 0665,APO AE 12434|New Brandon|Virginia|49107|+1-326-973-6097x80645
31|Wendy|Levine|robinsonjoshua@example.org|PSC 4529, Box 1357,APO AP 02157|Lake Karenberg|South Carolina|57112|366-287-3681x6171
32|Autumn|Wilson|dominiquephillips@example.org|70720 Stephen Plain,Murrayshire, IA 53141|North Allenchester|South Carolina|27607|472.304.9179
33|Joseph|Nelson|denise85@example.org|70691 Cortez Junction Apt. 290,Patelville, GU 38600|West Douglas|Maine|92134|681.462.2267
34|Russell|Perez|delgadoolivia@example.net|2335 Ward Turnpike Apt. 190,North Amanda, WI 21187|West Jennifer|Texas|81043|441-226-0165x397
35|Nathan|Hart|lowemegan@example.net|009 Paul Shoals Suite 447,Mcdanielfort, MA 27071|East Heather|Wyoming|17476|+1-595-361-6870
36|David|Taylor|zphillips@example.org|5468 Stephanie View,Port Kathleenborough, OK 31027|Michaelton|Kentucky|35996|(771)727-3666x824
37|Richard|Gomez|espinozatina@example.org|52614 Butler Valley,West Brian, VA 30746|North Bernard|Rhode Island|99797|+1-995-474-7523x49392
38|Jorge|Johnson|davidmontes@example.net|Unit 0268 Box 9708,DPO AE 94558|North Margaretmouth|Delaware|19469|+1-819-282-4607
39|Karen|Ayala|gonzalesrobin@example.net|2844 Allen Rapid,South Brian, PA 60570|Sotomouth|Washington|41936|+1-606-815-3813x870
40|Timothy|Morales|tortiz@example.com|0770 Wright Lane,Cynthiaborough, VA 11135|West Aaron|Colorado|70785|403-319-0964x29261
41|Brandon|Melton|nunezedward@example.org|97123 Alexandra Cape Suite 594,South Michaelport, VT 51837|Anthonyland|Ohio|52497|9306237918
42|Charles|Nunez|dlawson@example.net|180 Adam Islands,Port Amandaburgh, OR 31504|North Ryan|Nebraska|04539|+1-916-897-3344x67717
43|Zachary|Ramos|angela37@example.com|782 Campbell Groves,Ashleyton, CT 57621|Port Patriciahaven|Missouri|39071|851-463-4823x47951
44|Shane|Torres|zgarcia@example.com|047 Dana Pike Apt. 056,Audreystad, ND 85559|Emilyside|Wisconsin|60700|(898)702-4247
45|Helen|Walton|annette61@example.org|652 Diana Centers Suite 404,Morganside, WA 05556|Wardmouth|Oregon|82050|261-782-1759
46|Daniel|Hicks|claire07@example.org|902 Young Common Suite 160,Davidchester, MH 01109|Katrinaland|Oregon|28337|(846)628-9053
47|Shannon|Hutchinson|kathleenmata@example.org|Unit 3109 Box 9407,DPO AE 25751|Jacksonland|Virginia|99630|001-842-333-4289x13605
48|David|Roberts|dianehudson@example.net|368 Tyler Forks,Woodberg, VT 75245|Lake Kayleeborough|Arkansas|51604|2253554816
49|Deborah|Meyers|jennifermorgan@example.org|010 Horne Square,Davidmouth, VI 20538|Johnsonborough|Hawaii|61759|974.908.7275x2695
50|Kristen|Acevedo|susan14@example.net|0078 James Field Apt. 945,Michaelfurt, FM 50425|Steeleshire|Delaware|03795|540.333.6175x521
51|Andrew|Johnson|pmcdonald@example.org|265 Wendy Mission Suite 211,North Joshuaside, IN 12267|Robinton|New Jersey|15712|716-363-0897x2254
52|Katherine|Tate|michael74@example.net|87331 Lutz Trace,East Lisastad, IL 87422|Olsonview|Georgia|14522|+1-449-335-2086x610
53|Melissa|Price|watsonmatthew@example.com|642 Alvarez Crossroad Apt. 765,Andreashire, WI 84147|Stokesfurt|Massachusetts|19674|376.561.7377
54|Claire|Paul|millerteresa@example.com|49908 Vincent Circles,Reneemouth, NE 59137|Stephensview|South Carolina|52929|001-220-241-4380x72314
55|Lisa|Clark|popejoshua@example.net|650 Andrew Springs Apt. 992,Lake William, MD 49620|Andersonshire|Oregon|17354|001-986-863-6242x859
56|Glenn|Hunt|ellisonashley@example.com|5198 Park Bypass,Port Anna, MP 75032|Freemanfurt|Tennessee|11916|(393)847-3604x4543
57|Ellen|Hughes|rhayes@example.org|480 Anthony Corners Apt. 396,Davidside, RI 04045|New Robert|Michigan|48979|+1-903-390-6667x8330
58|Jessica|Powell|fcarroll@example.net|4656 Ashley Crescent Suite 169,Bryantberg, SC 50063|New Mariahaven|Wyoming|15047|001-267-541-8302x3926
59|Megan|Francis|xlambert@example.org|Unit 1084 Box 5788,DPO AP 36740|Floresburgh|Arkansas|52479|635.613.1323x2718
60|Joshua|Schneider|mary68@example.com|0164 Penny Shoal,Rogerston, UT 97036|Katrinaton|Iowa|91618|001-716-791-2947x27418
61|Timothy|Gibson|marshallalyssa@example.net|4887 Baker Crescent Suite 640,Port James, FM 44317|Fieldsbury|New Hampshire|55666|001-690-643-3550x21911
62|Michele|Salazar|william84@example.com|USNS Garcia,FPO AE 20957|Kristineland|Colorado|72485|001-915-345-8593x346
63|Thomas|Frye|caleb39@example.com|668 Dennis Passage,Danielland, NM 75940|Smithville|Washington|70588|(354)289-5460
64|Lee|Forbes|michelledixon@example.org|0263 Banks Ford Suite 420,Adamshire, SD 12105|Stephanieburgh|Rhode Island|98200|001-958-831-9367
65|Bailey|Schmitt|wsmith@example.net|PSC 7064, Box 8999,APO AA 53424|New Crystalport|Missouri|01158|945-917-4924x092
66|Frank|Anderson|william39@example.org|98636 Samantha Mill Suite 666,South Shelbyburgh, WA 56339|West Desiree|North Dakota|39243|(670)920-7126x873
67|Olivia|Vargas|kimberlylivingston@example.com|USNV Thompson,FPO AP 26702|Hortonville|Alaska|25498|001-520-985-4305x4006
68|Tara|Stevens|marshallalison@example.org|141 Dorothy Ways Apt. 099,Andreaborough, FM 18673|Hansenbury|Rhode Island|92467|(719)944-8539
69|James|Snyder|imarshall@example.org|2642 Stacy Terrace Suite 280,Thompsonfurt, MI 40933|Port Haroldmouth|South Carolina|40436|947-982-2559
70|Elizabeth|Joseph|robert28@example.org|074 Mason View,Port Connie, AR 41158|Walkerberg|Alaska|30366|001-707-760-1511
71|Michael|Yoder|teresarussell@example.net|635 Davidson Pines Suite 236,South Veronica, WA 81196|Lake Mary|South Carolina|81826|(554)843-0475x960
72|Kathleen|Kane|joshuaelliott@example.net|33738 Mendoza Prairie Apt. 083,East Lauriemouth, WI 84244|Williamsshire|Maryland|56459|9869500524
73|Keith|Walter|lopezstephanie@example.org|USNV Montgomery,FPO AE 67025|West Daleberg|North Carolina|43226|+1-711-643-6852x593
74|John|Mason|byates@example.org|026 Valerie Street,South Walterburgh, NY 35617|Branchstad|Alaska|97024|686-439-9411x532
75|James|Wallace|vanessa37@example.org|246 Barnett Shore,Charlesmouth, MD 21153|Rebeccahaven|Washington|76334|001-559-425-2120x3456
76|Nicholas|Mann|zachary48@example.net|1062 Brandon Plains Suite 886,Jenniferbury, AR 03951|Richardshire|Indiana|65046|983.968.9412x363
77|Tracy|Day|stevenryan@example.net|1728 Underwood Wells,Alisonchester, MD 53166|West Joseph|New Jersey|03739|705-480-5892
78|Tyler|Ford|josephmaldonado@example.net|342 Heather Radial Apt. 693,North Sandraburgh, KY 81341|Lake Samantha|New Mexico|51415|+1-205-870-8134x987
79|Kyle|Owens|carlosbernard@example.net|PSC 8021, Box 5487,APO AA 80719|Davidchester|Pennsylvania|29061|001-661-769-7829x83409
80|Jessica|Avila|danielle53@example.com|7389 Willie Freeway Suite 895,New Larryville, AZ 52227|Longland|Georgia|43298|(860)525-2838
81|Denise|Baker|jamesholland@example.com|54594 Davis Summit Suite 502,East Williamview, GU 74864|Heatherhaven|Colorado|84918|001-327-610-8099x827
82|Linda|Garcia|jennifer80@example.net|41322 Turner Oval,Wilsonview, ME 26377|Davidshire|Massachusetts|07742|(251)222-9301
83|Austin|Francis|kimberlypacheco@example.net|658 Troy Vista,Braunfort, NE 62510|Wilsonburgh|Georgia|20305|001-261-241-0586x672
84|Jeffrey|Taylor|lisa26@example.net|5995 Jones Forge,Mariaburgh, SD 93018|Edwardsville|Vermont|59766|+1-548-642-1963
85|John|Morrison|michelle37@example.net|353 Stephen Parks Apt. 423,Robinport, HI 22935|South Catherinefort|Louisiana|91345|+1-569-819-9271x7721
86|Richard|Flores|anthonydavis@example.com|USNV Nixon,FPO AE 88600|East Travisburgh|Florida|60642|636.600.1146x210
87|Kimberly|Kaiser|gilbertjessica@example.org|00539 Harris Mountain,Mcleanland, PW 52732|Lake Tinafort|Hawaii|90796|001-522-469-2658x66385
88|Kristen|Watkins|kimberly79@example.org|991 Robert Stream,Durhamburgh, NC 52237|Troyport|Alaska|00653|+1-469-539-1180x6984
89|Claire|Gardner|jeffreybrown@example.com|Unit 4981 Box 4750,DPO AA 72713|Hancockchester|West Virginia|06751|(302)437-4588x53092
90|Alvin|Palmer|robert06@example.net|Unit 6807 Box 4128,DPO AP 18722|North Jessica|California|06730|(378)755-0201x3459
91|Jessica|Huynh|tylermario@example.org|8698 Yesenia Rapids,Laurenland, GA 97044|Ramseyton|Illinois|05017|001-424-618-2049
92|Sherry|Hayes|phillipcardenas@example.com|8936 Whitney Mall Apt. 307,Port Mathewmouth, OR 31291|New Williamborough|Minnesota|42248|+1-443-491-6901
93|Jamie|Bender|svasquez@example.com|03497 Debbie Well,Davisburgh, MP 87954|Jacquelinehaven|Alabama|82078|369.458.7679x79547
94|Cameron|Alexander|lmitchell@example.net|1185 Mckenzie Camp Suite 852,New Zachary, AR 77644|Amandaville|Iowa|16921|8847130199
95|Allison|Weber|slewis@example.net|0994 Darryl Mission Suite 856,New Susanside, AL 19602|Mooneymouth|New York|80120|+1-435-592-2205
96|Jason|Woodward|monicaweber@example.org|40758 Ashley Mountains,Mcculloughside, ND 86290|Lake Angelashire|Massachusetts|73224|001-892-390-2406x340
97|Victoria|Anderson|lori78@example.com|25024 Marcus Club,Ramosmouth, DE 44616|Randallton|Louisiana|33715|451-484-0990x543
98|Kaitlin|Guerrero|csmith@example.org|153 Kimberly Ramp,Lake Jonathan, ID 29346|Williamstad|Alabama|25854|+1-957-646-2282x3745
99|Jennifer|Bates|michael93@example.com|87549 Ortega Points Apt. 764,South Michaelberg, KY 38062|South Paul|Massachusetts|14058|001-655-917-4815x124
100|Renee|Cook|thorntondavid@example.org|074 Bennett Flats Suite 149,Georgehaven, GA 19096|Rickyfurt|South Dakota|21917|(256)932-1050x666
